<demiurge>
    <dungeon>
        <home>
			<description>My Home!</description>
            <comfort>1</comfort>
            <singa>
				<currentValue>10</currentValue>
                <maxValue>50</maxValue>
            </singa>
			<chest>
				<capacity>4</capacity>
				<items>
					<item type="necklace">
						<domain element="energy"/>
						<level value="1"/>
					</item>
					<item type="ring">
						<domain element="air"/>
						<level value="1"/>
					</item>
					<item type="weapon">
						<domain element="none"/>
						<level value="1"/>
					</item>
				</items>
			</chest>
			<library>
				<spells>
					<spell>
						<domain element="air"/>
						<level value="1"/>						
					</spell>
					<spell>
						<domain element="fire"/>
						<level value="1"/>						
					</spell>
					<spell>
						<domain element="electricity"/>
						<level value="1"/>						
					</spell>
				</spells>
			</library>
        </home>
        <rooms>
            <room>
                <id>1</id>
                <exit value="false"/>
                <description>Room 1 with creature and necklace</description>
				<visited>false</visited>
                <items>
                    <item type="necklace">
                        <domain element="life"/>
                        <level value="5"/>
                    </item>
                </items>
				<creatures>
					<creature type="electricity">
						<name>Big Monster</name>
						<life>5</life>
						<punch>1</punch>
						<spells>
							<spell>
								<domain element="electricity"/>
								<level value="1"/>
							</spell>
						</spells>
					</creature>
				</creatures>
            </room>
			<room>
				<id>2</id>
				<exit value="true"/>
				<description>Room 2, the exit</description>
				<visited>false</visited>
				<items></items>
				<creatures></creatures>
			</room>
            <doors>
                <door>
                    <idRoom1>-1</idRoom1>
                    <idRoom2>1</idRoom2>
                </door>
				<door>
                    <idRoom1>1</idRoom1>
                    <idRoom2>2</idRoom2>
                </door>
            </doors>
        </rooms>
    </dungeon>
    <wizard>
        <name>Messi</name>
        <life>
            <currentValue>10</currentValue>
            <maxValue>10</maxValue>
        </life>
        <energy>
            <currentValue>10</currentValue>
            <maxValue>10</maxValue>
        </energy>
        <crystalCarrier>
            <capacity>3</capacity>
            <crystals>
                <crystal>
                    <singa>10</singa>
                </crystal>
            </crystals>
        </crystalCarrier>
        <weareables>
			<weaponsMAX>1</weaponsMAX>
			<necklacesMAX>1</necklacesMAX>
			<ringsMAX>2</ringsMAX>
			<items>
				<item type="necklace">
					<domain element="life"/>
					<level value="1"/>
				</item>
				<item type="ring">
					<domain element="air"/>
					<level value="1"/>
				</item>
				<item type="weapon">
					<domain element="none"/>
					<level value="1"/>
				</item>
			</items>
        </weareables>
		<jewelryBag>
			<capacity>2</capacity>
			<items>
				<item type="necklace">
					<domain element="energy"/>
					<level value="1"/>
				</item>
			</items>
		</jewelryBag>
    </wizard>
	<conditions>
		<condition type="VisitAllRooms"/>
		<condition type="KillAllCreatures"/>
	</conditions>
</demiurge>